year_film,year_ceremony,film,count of year_ceremony,,opening_gross,usa_gross,ww_gross,imdb,metacritic,rm_critics,rm_audience,winner
1990,1991,Alice,1,12000000,"36,274","7,331,647","7,331,647",6.6,67,75,57,
1990,1991,Avalon,4,20000000,"226,613","15,740,796","15,779,578",7.2,68,85,87,
1990,1991,Awakenings,3,31000000,"417,076","52,096,475","52,096,475",7.8,74,88,89,
1990,1991,Dances With Wolves,12,22000000,"598,257","184,208,848","424,208,848",8,72,83,87,TRUE
1990,1991,Days of Thunder,1,60000000,"15,490,445","82,670,733","157,920,733",6.1,60,38,60,
1990,1991,Dick Tracy,7,47000000,"22,543,911","103,738,726","162,738,726",6.1,68,63,53,TRUE
1990,1991,Edward Scissorhands,1,20000000,"159,622","56,362,352","86,024,005",7.9,74,90,91,
1990,1991,Flatliners,1,26000000,"10,034,685","61,489,265","61,489,265",6.6,55,49,59,
1990,1991,Ghost,5,22000000,"12,191,540","217,631,306","505,703,557",7.1,52,74,80,TRUE
1990,1991,Good Fellas,6,25000000,"6,368,901","46,836,214","46,952,991",8.7,90,96,97,
1990,1991,Green Card,1,12500000,"47,781","29,888,235","29,888,235",6.3,58,60,50,
1990,1991,Hamlet,2,12600000,"116,975","20,710,451","20,710,451",6.7,53,76,59,
1990,1991,Home Alone,2,18000000,"17,081,997","285,761,243","476,684,675",7.6,63,67,80,
1990,1991,Metropolitan,1,230000,"46,663","2,960,492","2,960,492",7.4,77,93,85,
1990,1991,Misery,1,20000000,"10,076,834","61,276,872","61,276,872",7.8,75,90,90,
1990,1991,Postcards from the Edge,2,22000000,"7,871,856","39,071,603","39,071,603",6.7,71,84,66,
1990,1991,Pretty Woman,1,14000000,"11,280,591","178,406,268","463,406,268",7,51,64,68,
1990,1991,"The Godfather, Part III",7,54000000,"6,387,271","66,761,392","136,861,392",7.6,60,68,62,
1990,1991,The Hunt for Red October,3,30000000,"17,161,835","122,012,643","200,512,643",7.6,58,89,88,
1990,1991,Total Recall,3,65000000,"25,533,700","119,412,921","261,317,921",7.5,57,82,78,
1990,1991,Wild at Heart,1,9500000,"2,913,764","14,560,247","14,561,425",7.2,52,67,81,
1990,1991,Young Guns II,1,20000000,"8,017,438","44,143,410","44,143,410",6.5,47,35,66,
1991,1992,Backdraft,3,40000000,"12,686,200","77,868,585","152,368,585",6.7,38,74,75,
1991,1992,Barton Fink,3,9000000,"268,561","6,153,939","6,153,939",7.7,69,90,89,
1991,1992,Beauty and the Beast,6,25000000,"162,146","218,967,620","424,967,620",8,95,94,92,
1991,1992,Boyz N the Hood,2,6500000,"10,023,462","57,504,069","57,529,070",7.8,76,96,93,
1991,1992,Bugsy,10,30000000,"140,358","49,114,016","49,114,016",6.8,80,85,69,
1991,1992,Cape Fear,2,35000000,"10,261,025","79,091,969","182,291,969",7.3,73,75,77,
1991,1992,City Slickers,1,27000000,"13,032,121","124,033,791","179,033,791",6.8,70,90,64,
1991,1992,Fried Green Tomatoes,2,11000000,"105,317","82,418,501","119,418,501",7.7,64,74,91,
1991,1992,Hook,5,70000000,"13,522,535","119,654,823","300,854,823",6.8,52,29,76,
1991,1992,JFK,8,40000000,"5,223,658","70,405,498","205,405,498",8,72,84,88,
1991,1992,Robin Hood: Prince of Thieves,1,48000000,"25,625,602","165,493,908","390,493,908",6.9,51,51,72,
1991,1992,Star Trek VI The Undiscovered Country,2,30000000,"18,162,837","74,888,996","96,888,996",7.2,65,82,83,
1991,1992,Terminator 2: Judgment Day,6,102000000,"31,765,506","205,881,154","520,881,154",8.5,75,93,94,
1991,1992,The Addams Family,1,30000000,"24,203,754","113,502,426","191,502,426",6.9,57,64,66,
1991,1992,The Commitments,1,12000000,"271,333","14,919,570","14,919,570",7.6,73,89,90,
1991,1992,The Fisher King,5,24000000,"311,662","41,895,491","41,895,491",7.5,61,84,86,
1991,1992,The Prince of Tides,7,30000000,"10,035,412","74,787,599","74,787,599",6.8,65,70,70,
1991,1992,The Silence of the Lambs,7,19000000,"13,766,814","130,742,922","272,742,922",8.6,85,96,95,
1991,1992,Thelma & Louise,6,16500000,"6,101,297","45,360,915","45,454,537",7.5,88,85,82,
1992,1993,A Few Good Men,4,41000000,"15,517,468","141,340,178","243,240,178",7.7,62,83,89,
1992,1993,A River Runs through It,3,12000000,"298,277","43,440,294","43,440,294",7.2,68,80,83,
1992,1993,Aladdin,5,28000000,"196,664","217,350,219","504,050,219",8,86,95,92,
1992,1993,Alien 3,1,50000000,"19,449,867","55,473,545","159,814,498",6.5,59,45,47,
1992,1993,Basic Instinct,2,49000000,"15,129,385","117,727,224","352,927,224",7,41,54,63,
1992,1993,Batman Returns,2,80000000,"45,687,711","162,902,340","266,892,996",7,68,80,73,
1992,1993,Bram Stoker's Dracula,4,40000000,"30,521,679","82,522,790","215,862,692",7.4,57,74,79,
1992,1993,Chaplin,3,31000000,"84,669","9,493,259","9,493,259",7.6,47,59,81,
1992,1993,Death Becomes Her,1,55000000,"12,110,355","58,422,650","149,022,650",6.6,56,55,61,
1992,1993,Glengarry Glen Ross,1,12500000,"2,104,402","10,725,228","10,725,228",7.7,82,95,88,
1992,1993,Hoffa,2,35000000,"6,406,012","24,276,506","29,302,121",6.6,50,52,59,
1992,1993,Husbands and Wives,2,20000000,"3,520,550","10,555,619","10,555,619",7.5,84,93,87,
1992,1993,Lorenzo's Oil,2,30000000,"79,353","7,286,388","7,286,388",7.3,80,92,79,
1992,1993,Malcolm X,2,33000000,"9,871,125","48,169,910","48,169,910",7.7,73,89,91,
1992,1993,My Cousin Vinny,1,11000000,"7,416,751","52,929,168","64,088,552",7.6,68,86,87,
1992,1993,Scent of a Woman,4,31000000,"357,468","63,095,253","134,095,253",8,59,89,92,
1992,1993,The Bodyguard,2,25000000,"16,611,793","122,006,740","411,006,740",6.3,39,33,64,
1992,1993,The Last of the Mohicans,1,40000000,"10,976,661","75,505,856","75,505,856",7.7,76,93,88,
1992,1993,Toys,2,43000000,"4,810,027","23,278,931","23,278,931",5.1,40,30,39,
1992,1993,Under Siege,2,35000000,"15,760,003","83,563,139","156,563,139",6.5,58,79,62,
1992,1993,Unforgiven,9,14400000,"15,018,007","101,157,447","159,157,447",8.2,85,96,93,
1993,1994,Addams Family Values,1,47000000,"14,117,545, 21","48,919,043","48,919,043",6.8,62,77,63,
1993,1994,Cliffhanger,3,70000000,"16,176,967","84,049,21","255,000,211",6.4,60,69,52,
1993,1994,Dave,1,28000000,"7,306,755","63,270,710","63,270,710",6.8,76,95,72,
1993,1994,In the Line of Fire,3,40000000,"15,269,388","102,314,823","176,997,168",7.2,74,96,79,
1993,1994,In the Name of the Father,7,13000000,"109,805","25,096,862","65,796,862",8.1,84,94,95,
1993,1994,Jurassic Park,3,63000000,"47,026,828","404,214,720","1,033,928,303",8.1,68,91,91,
1993,1994,Mrs. Doubtfire,1,25000000,"20,468,847","219,195,243","441,286,195",70,53,71,77,
1993,1994,Orlando,2,4000000,"107,030","5,377,643","5,378,172",7.2,74,85,82,
1993,1994,Philadelphia,5,26000000,"143,433","77,446,440","206,678,440",7.7,66,80,89,
1993,1994,Poetic Justice,1,14000000,"11,728,455","27,515,786","27,515,786",6.1,51,34,83,
1993,1994,Schindler's List,12,22000000,"656,636","96,898,818","322,161,245",8.9,94,97,97,
1993,1994,Searching for Bobby Fischer,1,12000000,"1,121,354","7,266,383","7,266,383",7.4,89,100,86,
1993,1994,Six Degrees of Separation,1,12000000,"53,058","6,405,918","6,405,918",6.8,72,88,71,
1993,1994,Sleepless in Seattle,2,21000000,"17,253,733","126,808,165","227,927,165",6.8,72,75,75,
1993,1994,The Age of Innocence,5,34000000,"2,317,289","2,317,289","2,317,289",7.2,90,84,75,
1993,1994,The Firm,2,42000000,"25,400,000","158,348,367","270,248,367",6.8,58,75,64,
1993,1994,The Fugitive,7,44000000,"23,758,855","183,875,760","368,875,760",7.8,87,96,89,
1993,1994,The Nightmare before Christmas,1,18000000,"191,232","77,368,668","91,491,247",8,82,95,91,
1993,1994,The Piano,8,7000000,"151,419","40,157,856","40,185,556",7.6,89,90,86,
1993,1994,The Remains of the Day,8,15000000,"1,528,982","23,237,911","23,237,911",7.8,86,95,89,
1993,1994,What's Eating Gilbert Grape,1,11000000,"74,421","10,032,765","10,032,765",7.8,73,90,89,
1993,1994,What's Love Got to Do with It,2,15000000,"1,222,718","39,100,956","39,100,956",7.3,76,96,88,
1994,1995,Blue Sky,1,16000000,"763,890","3,359,465","3,359,465",6.4,53,79,58,
1994,1995,Clear and Present Danger,2,62000000,"20,348,017","122,187,717","215,887,717",6.9,74,80,74,
1994,1995,Ed Wood,2,18000000,"71,566","5,887,457","5,887,457",7.8,70,92,88,
1994,1995,Forrest Gump,13,55000000,"24,450,602","330,455,270","678,226,133",8.8,82,71,95,
1994,1995,Four Weddings and a Funeral,2,4400000,"138,486","52,700,832","245,700,832",7.1,81,96,74,
1994,1995,Heavenly Creatures,1,5000000,"31,592","3,049,135","3,049,135",7.3,86,92,83,
1994,1995,Hoop Dreams,1,700000,"18,396","7,830,611","11,830,611",8.3,98,98,93,
1994,1995,Interview with the Vampire,2,60000000,"36,389,705","105,264,608","223,664,608",7.5,59,63,86,
1994,1995,Legends of the Fall,3,30000000,"101,670","66,638,883","160,638,883",7.6,45,58,87,
1994,1995,Little Women,3,18000000,"2,411,247","50,083,616","50,083,616",7.3,87,92,84,
1994,1995,Nobody's Fool,2,20000000,"92,838","39,491,975","39,491,975",7.4,86,91,81,
1994,1995,Pulp Fiction,7,8000000,"9,311,882","107,928,762","213,928,762",8.9,94,92,96,
1994,1995,Quiz Show,4,31000000,"757,714","24,822,619","24,822,619",7.5,92,96,87,
1994,1995,The Client,1,45000000,"17,174,262","92,115,211","117,615,211",6.8,65,78,69,
1994,1995,The Lion King,4,45000000,"1,586,753","422,783,777","1,083,720,877",8.5,88,93,93,
1994,1995,The Madness of King George,4,65897768,"65,226","15,238,689","15,238,689",7.2,89,93,80,
1994,1995,The Mask,1,23000000,"23,117,068","119,938,730","351,583,407",6.9,56,77,68,
1994,1995,The Shawshank Redemption,7,25000000,"727,327","28,699,976","28,817,291",9.3,80,91,98,
1994,1995,True Lies,1,115000000,"25,869,770","146,282,411","378,882,411",7.2,63,71,76,
1995,1996,12 Monkeys,2,29000001,"184,776","57,141,459","57,141,459",8,57,88,80,
1995,1996,A Little Princess,2,17000000,"28,612","10,015,449","10,015,449",7.7,83,97,88,
1995,1996,Apollo 13,9,52000000,"25,353,380","173,837,933","355,237,933",7.6,77,96,87,
1995,1996,Babe,7,30000000,"8,742,545","63,658,910","254,134,910",6.8,83,97,67,
1995,1996,Batman Forever,3,100000000,"52,784,433","184,069,126","336,567,158",5.4,51,38,32,
1995,1996,Braveheart,10,72000000,"9,938,276","75,609,945","213,216,216",8.3,68,78,85,
1995,1996,Casino,1,52000000,"9,946,480","42,512,375","116,112,375",8.2,73,80,93,
1995,1996,Crimson Tide,3,53000000,"18,612,190","91,387,195","157,387,195",7.3,66,88,83,
1995,1996,Dead Man Walking,4,11000000,"118,266","39,363,635","39,363,635",7.5,80,95,86,
1995,1996,Don Juan DeMarco,1,25000000,"4,556,274","22,150,451","68,792,531",6.7,63,69,68,
1995,1996,Leaving Las Vegas,4,3600000,"70,864","32,029,928","32,029,928",7.5,82,91,85,
1995,1996,Mighty Aphrodite,2,15000000,"326,494","6,468,498","6,468,498",7,59,78,73,
1995,1996,Mr. Holland's Opus,1,23000000,"14,466","82,569,971","106,269,971",7.3,59,75,84,
1995,1996,Nixon,4,44000000,"2,206,506","13,681,765","13,681,765",7.1,66,75,74,
1995,1996,Rob Roy,1,28000000,"2,023,272","31,596,911","31,596,911",6.9,55,73,75,
1995,1996,Sabrina,2,58000000,"5,563,259","53,672,080","53,672,080",6.3,56,65,64,
1995,1996,Sense and Sensibility,7,16000000,"721,341","43,182,776","134,582,776",7.6,84,97,90,
1995,1996,Seven,1,33000000,"13,949,807","100,125,643","327,333,559",8.6,65,83,95,
1995,1996,The American President,1,62000000,"10,014,558","60,079,496","107,879,496",6.8,67,91,77,
1995,1996,The Bridges of Madison County,1,24000000,"10,519,257","71,516,617","182,016,617",7.6,69,90,87,
1995,1996,The Postman (Il Postino),5,3000000,"95,310","21,848,932","21,898,920",7.7,81,94,94,
1995,1996,The Usual Suspects,2,6000000,"645,363","23,341,568","23,341,568",8.5,77,89,96,
1995,1996,Toy Story,3,30000000,"29,140,617","223,225,679","394,436,586",8.3,95,100,92,
1995,1996,Waterworld,1,175000000,"21,171,780","88,246,220","264,218,220",6.3,56,46,43,
1996,1997,Dragonheart,1,57000000,"15,027,150","51,367,375","115,267,375",6.5,49,50,60,
1996,1997,Emma,2,6000000,"240,649","22,231,658","22,231,658",6.6,66,85,77,
1996,1997,Eraser,1,100000000,"24,566,446","101,295,562","242,295,562",6.1,56,38,39,
1996,1997,Evita,5,55000000,"195,085","50,047,179","141,047,179",6.3,45,63,68,
1996,1997,Fargo,7,7000000,"730,265","24,611,975","60,611,975",8.1,85,94,93,
1996,1997,Independence Day,2,75000000,"50,228,264","306,169,268","817,400,891",7,59,67,75,
1996,1997,James and the Giant Peach,1,38000000,"7,539,098","28,946,127","28,946,127",6.7,78,91,65,
1996,1997,Jerry Maguire,5,50000000,"17,084,296","153,952,592","273,552,592",7.3,77,83,79,
1996,1997,Lone Star,1,5000000,"232,184","12,408,986","12,408,986",7.4,78,94,83,
1996,1997,Marvin's Room,1,23000000,"57,739","12,803,305","12,803,305",6.7,68,84,63,
1996,1997,Michael Collins,2,25000000,"182,221","11,092,559","11,135,803",7.2,60,77,84,
1996,1997,Primal Fear,1,30000000,"9,871,222","56,116,183","102,616,183",7.7,47,76,89,
1996,1997,Secrets & Lies,5,4500000,"60,813","13,417,292","13,417,292",8,91,95,91,
1996,1997,Shine,7,5500000,"162,179","35,892,330","35,999,081",7.7,87,91,90,
1996,1997,Sleepers,1,44000000,"12,305,745","53,315,285","165,615,285",7.6,49,73,85,
1996,1997,Sling Blade,2,1000000,"28,139","24,444,121","24,444,121",8,84,96,92,
1996,1997,Star Trek: First Contact,1,45000000,"30,716,131","92,027,888","146,027,888",7.6,71,92,89,
1996,1997,That Thing You Do!,1,26000000,"6,208,595","25,857,416","34,585,416",6.9,71,93,78,
1996,1997,The Birdcage,1,31000000,"18,275,828","124,060,553","185,260,553",7.1,72,81,81,
1996,1997,The English Patient,12,27000000,"278,439","78,676,425","231,976,425",7.4,87,85,83,
1996,1997,The First Wives Club,1,26000000,"18,913,411","105,489,203","181,489,203",6.4,58,50,68,
1996,1997,The Hunchback of Notre Dame,1,100000000,"21,037,414","100,138,851","325,338,851",6.9,74,71,70,
1996,1997,The Nutty Professor,1,54000000,"25,411,725","128,814,019","273,961,019",5.6,62,64,44,
1996,1997,The People vs. Larry Flynt,2,36000000,"523,295","20,300,385","20,300,385",7.3,79,88,80,
1996,1997,Twister,2,92000000,"41,059,405","241,721,524","494,471,524",6.4,68,59,58,
1996,1997,William Shakespeare's Romeo & Juliet,1,14500000,"11,133,231","46,351,345","147,554,998",6.7,60,72,77,
1997,1998,Air Force One,2,85000000,"37,132,505","172,956,409","315,156,409",6.5,61,78,66,
1997,1998,Amistad,4,36000000,"4,573,523","44,229,441","44,229,441",7.3,63,77,79,
1997,1998,Anastasia,2,50000000,"120,541","58,406,347","139,804,348",7.2,61,86,77,
1997,1998,As Good as It Gets,7,50000000,"12,606,928","148,478,011","314,178,011",7.7,67,85,86,
1997,1998,Boogie Nights,3,15000000,"50,168","26,400,640","43,101,594",7.9,85,93,89,
1997,1998,Con Air,2,75000000,"24,131,738","101,117,573","224,012,234",6.8,52,56,75,
1997,1998,Contact,1,90000000,"20,584,908","100,920,329","171,120,329",7.4,62,66,78,
1997,1998,Deconstructing Harry,1,20000000,"356,476","10,686,841","10,686,841",7.4,61,73,82,
1997,1998,Donnie Brasco,1,35000000,"11,660,216","41,909,762","124,909,762",7.7,76,88,89,
1997,1998,Gattaca,1,36000000,"4,320,202","12,532,777","12,532,777",7.8,64,83,87,
1997,1998,Good Will Hunting,9,10000000,"272,912","138,433,435","225,933,435",8.3,70,98,94,
1997,1998,Hercules,1,85000000,"249,567","99,112,101","252,712,101",7.3,74,84,76,
1997,1998,Jackie Brown,1,12000000,"9,292,248","39,673,162","39,673,767",7.5,64,87,85,
1997,1998,Kundun,4,28000000,"72,095","5,684,789","5,684,789",7,74,75,79,
1997,1998,L.A. Confidential,9,35000000,"5,211,198","64,616,940","126,216,940",8.2,90,99,94,
1997,1998,Men in Black,3,90000000,"51,068,455","250,690,539","589,390,539",7.3,71,92,79,
1997,1998,My Best Friend's Wedding,1,38000000,"21,678,377","127,120,029","299,288,605",6.3,50,73,73,
1997,1998,Starship Troopers,1,105000000,"22,058,773","54,814,377","121,214,377",7.2,51,65,70,
1997,1998,The Apostle,1,5000000,"29,396","19,868,354","19,868,354",7.2,83,90,79,
1997,1998,The Fifth Element,1,93000000,"17,031,345","63,820,180","263,920,180",7.7,52,71,86,
1997,1998,The Full Monty,4,3500000,"176,585","45,950,122","257,938,649",7.2,75,96,79,
1997,1998,The Lost World: Jurassic Park,1,73000000,"72,132,785","229,086,679","618,638,999",6.6,59,53,51,
1997,1998,Titanic,14,200000000,"28,638,131","659,363,944","2,201,647,264",7.8,75,89,69,
1997,1998,Wag the Dog,2,15000000,"92,079","43,061,945","64,256,513",7.2,73,85,76,
1998,1999,A Bug's Life,1,120000000,"291,121, 22","162,798,565","363,258,859",7.2,77,92,73,
1998,1999,A Civil Action,2,75000000,"70,079, 27","56,709,981","56,709,981",6.6,68,61,55,
1998,1999,A Simple Plan,2,30000000,"390,563","16,316,273","16,316,273",7.5,82,91,81,
1998,1999,Affliction,2,6000000,"63,979","6,330,054","6,330,054",7,79,88,72,
1998,1999,American History X,1,20000000,"156,076","6,719,864","23,875,127",8.5,62,83,96,
1998,1999,Armageddon,4,140000000,"36,089,972","201,578,182","553,709,788",6.7,42,38,73,
1998,1999,Babe: Pig in the City,1,90000000,"6,162,640","18,319,860","69,131,860",5.7,68,65,41,
1998,1999,Beloved,1,80000000,"8,165,551","22,852,487","22,852,487",6,57,78,71,
1998,1999,Bulworth,1,30000000,"141,816","26,528,185","29,202,884",6.8,75,76,68,
1998,1999,Central Station,2,2900000,"35,708","5,969,553","5,971,073",8,80,94,95,
1998,1999,Children of Heaven,1,180000,"20,100","933,933","933,933",8.3,77,83,96,
1998,1999,Elizabeth,7,30000000,"275,131","30,082,699","82,150,642",7.4,75,82,86,
1998,1999,Gods and Monsters,3,10000000,"75,508","6,451,628","6,451,628",7.3,74,95,83,
1998,1999,Hilary and Jackie,2,7000000,"92,956","4,912,892","4,912,892",7.3,78,88,83,
1998,1999,Life Is Beautiful,7,20000000,"118,920","57,563,264","230,098,753",8.6,59,80,96,
1998,1999,Mighty Joe Young,1,90000000,"10,602,042","50,632,037","50,632,037",5.6,51,55,40,
1998,1999,Mulan,1,90000000,"22,745,143","120,620,254","304,320,254",7.6,71,86,85,
1998,1999,One True Thing,1,30000000,"6,606,455","23,245,840","26,616,840",7,63,89,71,
1998,1999,Out of Sight,2,48000000,"12,020,435","37,562,568","77,745,568",7,85,93,74,
1998,1999,Patch Adams,1,90000000,"25,262,280","135,026,902","202,292,902",6.8,25,22,73,
1998,1999,Pleasantville,3,60000000,"8,855,063","40,584,421","49,805,462",7.5,71,85,79,
1998,1999,Primary Colors,2,65000000,"12,045,395","39,001,187","52,090,187",6.6,70,81,64,
1998,1999,Saving Private Ryan,11,70000000,"30,576,104","217,049,603","482,349,603",8.6,91,93,95,
1998,1999,Shakespeare in Love,13,25000000,"224,012","100,317,794","289,317,794",7.1,87,92,80,
1998,1999,The Horse Whisperer,1,60000000,"13,685,488","75,383,563","186,883,563",6.6,65,74,72,
1998,1999,The Mask of Zorro,2,95000000,"22,525,855","94,095,523","250,288,523",6.7,63,83,73,
1998,1999,The Prince of Egypt,2,70000000,"14,524,321","101,413,188","218,613,188",7.1,64,80,76,
1998,1999,The Thin Red Line,7,52000000,"282,534","36,400,491","98,126,565",7.6,78,80,80,
1998,1999,The Truman Show,3,60000000,"31,542,121","125,618,201","264,118,201",8.1,90,95,89,
1998,1999,What Dreams May Come,2,85000000,"15,833,592","55,382,927","55,382,927",7.1,44,54,84,
1999,2000,American Beauty,8,15000000,"861,531","130,096,601","356,296,601",8.3,84,87,93,
1999,2000,Angela's Ashes,1,50000000,"54,628","13,042,112","13,042,112",7.3,54,51,81,
1999,2000,Anna and the King,2,92000000,"5,223,416","39,263,420","113,996,937",6.7,56,51,64,
1999,2000,Austin Powers: The Spy Who Shagged Me,1,33000000,"17,981,900","206,040,086","312,016,928",6.6,59,52,71,
1999,2000,Being John Malkovich,3,13000000,"637,721","22,863,596","23,106,667",7.7,90,93,87,
1999,2000,Bicentennial Man,1,100000000,"8,234,926","58,223,861","87,423,861",6.9,42,36,58,
1999,2000,Boys Don't Cry,2,2000000,"73,720","11,540,607","11,540,607",7.5,86,89,87,
1999,2000,East-West,1,11500000,"56,147","2,321,029","6,031,521",7.4,61,65,88,
1999,2000,Election,1,25000000,"119,080","14,902,041","14,902,041",7.2,83,92,79,
1999,2000,Fight Club,1,63000000,"11,035,485","37,030,102","101,209,593",8.8,66,79,96,
1999,2000,"Girl, Interrupted",1,40000000,"95,399","28,912,646","48,350,205",7.3,51,53,84,
1999,2000,Life,1,80000000,"20,414,775","64,016,268","73,475,268",6.8,63,50,77,
1999,2000,Magnolia,3,37000000,"193,604","22,455,976","48,451,803",8,77,83,89,
1999,2000,Music of the Heart,2,27000000,"3,653,281","14,859,394","14,936,407",6.8,54,63,72,
1999,2000,Sleepy Hollow,3,100000000,"30,060,467","101,071,502","206,071,502",7.3,65,69,80,
1999,2000,Snow Falling on Cedars,1,35000000,"32,135","14,417,593","23,049,593",6.7,44,39,67,
1999,2000,"South Park: Bigger, Longer & Uncut",1,21000000,"11,335,889","52,037,603","83,137,603",7.7,73,80,88,
1999,2000,Star Wars Episode I: The Phantom Menace,3,115000000,"64,820,970","474,544,677","1,027,082,707",6.5,51,52,59,
1999,2000,Stuart Little,1,133000000,"15,018,223","140,035,367","300,135,367",5.9,61,67,41,
1999,2000,Sweet and Lowdown,2,29750000,"94,686","4,197,015","4,525,794",7.2,70,77,82,
1999,2000,Tarzan,1,130000000,"34,221,968","171,091,819","448,191,819",7.3,79,89,75,
1999,2000,The Cider House Rules,7,24000000,"110,098","57,545,092","88,545,092",7.4,75,71,77,
1999,2000,The End of the Affair,2,23000000,"198,535","10,827,816","10,827,816",7.1,65,67,74,
1999,2000,The Green Mile,4,60000000,"18,017,152","136,801,374","286,801,374",8.6,61,78,94,
1999,2000,The Hurricane,1,50000000,"384,640","50,699,241","73,956,241",7.6,74,83,87,
1999,2000,The Insider,7,90000000,"6,712,361","29,089,912","60,289,912",7.8,84,96,90,
1999,2000,The Matrix,4,63000000,"27,788,331","171,479,930","466,364,682",8.7,73,88,85,
1999,2000,The Mummy,1,80000000,"43,369,635","155,385,488","415,933,406",7,48,61,75,
1999,2000,The Red Violin,1,18000000,"47,415","10,019,109","10,019,109",7.6,57,74,91,
1999,2000,The Sixth Sense,6,40000000,"26,681,262","293,506,292","672,806,292",8.1,68,86,90,
1999,2000,The Straight Story,1,10000000,"92,312","6,203,044","6,416,569",8,68,95,91,
1999,2000,The Talented Mr. Ripley,5,40000000,"12,738,237","81,298,265","128,799,509",7.4,76,84,80,
1999,2000,Toy Story 2,1,90000000,"300,163","245,852,179","497,375,381",7.9,88,100,86,
2000,2001,102 Dalmatians,1,85000000,"19,883,351","66,957,026","183,611,771",4.9,35,31,32,
2000,2001,Almost Famous,4,60000000,"2,314,646","32,534,850","47,385,836",7.9,90,89,92,
2000,2001,Amores Perros,1,2000000,"61,047","5,408,467","20,908,467",8.1,83,92,94,
2000,2001,Big Mama,1,30000000,"25,661,041","117,559,438","173,959,438",5.2,33,30,57,
2000,2001,Billy Elliot,3,5000000,"215,681","21,995,263","109,283,018",7.7,74,85,89,
2000,2001,Cast Away,2,90000000,"28,883,406","233,632,142","429,632,142",7.8,73,89,84,
2000,2001,Chocolat,5,25000000,"157,624","71,509,363","152,699,976",7.2,64,62,83,
2000,2001,"Crouching Tiger, Hidden Dragon",10,17000000,"663,205","128,078,872","213,525,736",7.8,94,97,86,
2000,2001,Dancer in the Dark,1,12800000,"91,612","4,184,036","40,031,879",8,61,69,91,
2000,2001,Dolphins,1,7200000,,,,7.3,,89,64,
2000,2001,Dr. Seuss' How the Grinch Stole Christmas,3,123000000,"55,082,330","260,465,005","363,597,184",6.2,46,49,56,
2000,2001,Erin Brockovich,5,52000000,"28,138,465","125,595,205","256,271,286",7.4,73,84,81,
2000,2001,Gladiator,12,103000000,"34,819,017","187,705,427","465,364,545",8.5,67,77,87,
2000,2001,Hollow Man,1,95000000,"26,414,386","73,209,340","190,213,455",5.8,24,27,28,
2000,2001,Meet the Parents,1,55000000,"28,623,300","166,244,045","330,444,045",7,73,84,79,
2000,2001,"O Brother, Where Art Thou?",2,26000000,"195,104","45,512,588","71,868,327",7.7,69,78,89,
2000,2001,Pollock,2,6000000,"44,244","8,598,593","10,994,533",7,77,80,74,
2000,2001,Quills,3,13500000,"249,383","7,065,332","17,989,227",7.3,70,75,83,
2000,2001,Requiem for a Dream,1,4500000,"64,770","3,635,482","7,390,108",8.3,68,79,93,
2000,2001,Shadow of the Vampire,2,8000000,"150,171","8,293,784","11,155,214",6.9,71,82,74,
2000,2001,Space Cowboys,1,65000000,"18,093,776","90,464,773","128,884,132",6.4,73,78,53,
2000,2001,The Cell,1,33000000,"17,515,050","61,334,059","104,155,843",6.4,40,45,57,
2000,2001,The Contender,2,20000000,"5,363,900","17,872,723","22,428,990",6.9,59,76,73,
2000,2001,The Emperor's New Groove,1,100000000,"9,812,302","89,636,687","169,661,687",7.4,70,85,83,
2000,2001,The Patriot,3,110000000,"22,413,710","113,330,342","215,294,342",7.2,63,62,81,
2000,2001,The Perfect Storm,2,140000000,"41,325,042","182,618,434","328,718,434",6.4,59,47,64,
2000,2001,Traffic,5,48000000,"184,725","124,115,725","207,515,725",7.6,86,92,85,
2000,2001,U-571,2,62000000,"19,553,310","77,122,415","127,666,415",6.6,62,67,62,
2000,2001,Vatel,1,36000000,"16,032","51,080","184,301",6.6,44,31,61,
2000,2001,Wonder Boys,3,55000000,"5,808,919","19,393,557","33,426,588",7.2,73,81,83,
2000,2001,You Can Count on Me,2,1200000,"118,170","9,416,804","11,242,521",7.5,85,95,88,
2001,2002,A Beautiful Mind,8,58000000,"367,151","170,742,341","316,791,257",8.2,72,74,93,
2001,2002,A.I. Artificial Intelligence,2,100000000,"29,352,630","78,616,689","235,926,552",7.2,65,74,64,
2001,2002,Ali,2,107000000,"14,710,892","58,203,105","87,812,729",6.8,65,68,65,
2001,2002,Amélie,5,10000000,"136,470","33,225,499","173,924,742",8.3,69,89,95,
2001,2002,Black Hawk Down,4,92000000,"179,823","108,638,745","172,989,651",7.7,74,76,88,
2001,2002,Bridget Jones's Diary,1,25000000,"10,733,933","71,543,427","281,931,601",6.7,66,80,81,
2001,2002,Ghost World,1,7000000,"98,791","6,217,849","8,764,007",7.3,88,93,84,
2001,2002,Gosford Park,7,19800000,"241,219","41,308,615","87,754,044",7.2,90,86,78,
2001,2002,Harry Potter and the Sorcerer's Stone,3,125000000,"90,294,621","318,087,620","1,006,968,171",7.6,64,81,82,
2001,2002,I Am Sam,1,22000000,"41,779","40,311,852","97,818,139",7.7,28,35,86,
2001,2002,In the Bedroom,5,1700000,"93,972","35,930,604","44,763,181",7.4,86,93,81,
2001,2002,Iris,3,5500000,"23,144","5,594,617","16,153,953",7,76,79,73,
2001,2002,Jimmy Neutron: Boy Genius,1,30000000,"13,832,786","80,936,232","102,992,536",6,65,74,53,
2001,2002,Kate & Leopold,1,48000000,"9,725,408","47,121,859","76,019,048",6.4,44,51,62,
2001,2002,Lagaan,1,6000000,"285,368","909,043","1,724,806",8.1,84,95,93,
2001,2002,Memento,2,9000000,"235,488","25,544,867","40,047,078",8.4,80,93,94,
2001,2002,Monster's Ball,2,4000000,"110,552","31,273,922","45,011,434",7,69,85,67,
2001,2002,"Monsters, Inc.",4,115000000,"62,577,067","290,642,256","579,707,738",8.1,79,96,90,
2001,2002,Moulin Rouge,8,50000000,"167,540","57,386,607","184,935,320",7.6,66,76,89,
2001,2002,Mulholland Drive,1,15000000,"587,591","7,220,243","20,130,922",7.9,85,83,87,
2001,2002,Pearl Harbor,4,140000000,"59,078,912","198,542,554","449,220,945",6.2,44,24,66,
2001,2002,Shrek,2,60000000,"42,347,760","267,665,011","487,853,320",7.8,84,88,90,
2001,2002,The Affair of the Necklace,1,30000000,"125,523","471,210","1,198,113",6.1,42,15,42,
2001,2002,The Lord of the Rings: The Fellowship of the Ring,13,93000000,"47,211,490","315,710,750","888,398,060",8.8,92,91,95,
2001,2002,The Man Who Wasn't There,1,20000000,"664,404","7,504,257","18,916,623",7.5,73,81,85,
2001,2002,The Royal Tenenbaums,1,21000000,"276,981","52,364,010","71,444,482",7.6,76,80,89,
2001,2002,Training Day,2,45000000,"22,550,788","76,631,907","104,876,233",7.7,69,73,89,
2001,2002,Vanilla Sky,1,68000000,"25,015,518","100,618,344","203,388,341",6.9,45,42,72,
2002,2003,8 Mile,1,41000000,"51,240,555","116,750,901","242,875,078",7.1,77,75,54,
2002,2003,About a Boy,1,30000000,"8,557,630","41,385,278","130,549,455",7,75,93,55,
2002,2003,About Schmidt,2,30000000,"282,367","65,016,287","105,834,556",7.1,85,85,74,
2002,2003,Adaptation,4,19000000,"384,478","22,498,520","32,801,173",7.7,83,91,85,
2002,2003,Bowling for Columbine,1,4000000,"209,148","21,576,018","58,011,975",7.9,72,95,83,
2002,2003,Catch Me If You Can,2,52000000,"30,053,627","164,615,351","352,114,312",8.1,75,96,89,
2002,2003,Chicago,13,45000000,"2,074,929","170,687,518","306,776,732",7.2,81,86,83,
2002,2003,El Crimen del Padre Amaro,1,1800000,"504,681","5,717,044","26,996,738",6.7,60,61,74,
2002,2003,Far from Heaven,4,13500000,"211,279","15,901,849","29,027,914",7.3,84,87,80,
2002,2003,Frida,6,12000000,"205,996","25,885,000","56,298,474",7.4,61,75,85,
2002,2003,Gangs of New York,10,100000000,"9,100,000","77,812,000","193,772,504",7.5,72,73,81,
2002,2003,Hero,1,31000000,"17,800,000","53,710,019","177,395,557",7.9,85,94,87,
2002,2003,Ice Age,1,59000000,"46,312,454","176,387,405","383,257,136",7.5,60,77,82,
2002,2003,Lilo & Stitch,1,80000000,"35,260,212","145,794,338","273,144,151",7.2,73,86,77,
2002,2003,Minority Report,1,102000000,"35,677,125","132,072,926","358,372,926",7.6,80,90,80,
2002,2003,My Big Fat Greek Wedding,1,5000000,"597,362","241,438,208","368,744,044",6.6,62,76,73,
2002,2003,Road to Perdition,6,80000000,"22,079,481","104,454,762","181,001,478",7.7,72,81,86,
2002,2003,Spider-Man,2,139000000,"114,844,116","407,022,860","825,025,036",7.3,73,90,67,
2002,2003,Spirit: Stallion of the Cimarron,1,80000000,"17,770,036","73,280,117","122,563,539",7.2,52,70,77,
2002,2003,Spirited Away,1,19000000,"449,839","13,750,644","355,475,917",8.6,96,97,96,
2002,2003,Star Wars Episode II Attack of the Clones,1,115000000,"80,027,814","310,676,740","653,779,970",6.5,54,65,56,
2002,2003,The Hours,9,25000000,"338,622","41,675,994","108,846,072",7.5,80,79,84,
2002,2003,The Lord of the Rings: The Two Towers,6,94000000,"62,007,528","342,551,365","943,455,955",8.7,87,95,95,
2002,2003,The Pianist,7,35000000,"111,261","32,572,577","120,072,577",8.5,85,95,96,
2002,2003,The Quiet American,1,30000000,"101,663","12,988,801","27,674,124",7,84,87,72,
2002,2003,The Time Machine,1,80000000,"22,610,437","56,832,494","123,729,176",6,42,29,37,
2002,2003,The Wild Thornberrys Movie,1,25000000,"6,013,847","40,108,697","60,694,737",5.6,69,80,51,
2002,2003,Treasure Planet,1,140000000,"12,083,248","38,176,783","110,041,363",7.2,60,69,72,
2002,2003,Unfaithful,1,50000000,"14,065,277","52,775,765","119,137,784",6.7,63,50,68,
2002,2003,Y Tu Mama Tambien,1,2000000,"408,091","13,839,658","33,616,692",7.6,88,92,88,
2003,2004,21 Grams,2,20000000,"274,454","16,290,476","60,427,839",7.6,70,80,86,
2003,2004,Big Fish,1,70000000,"207,377","66,809,693","123,218,424",8,58,75,89,
2003,2004,Brother Bear,1,128000000,"291,940","85,336,277","250,397,798",6.8,48,37,65,
2003,2004,Cold Mountain,7,79000000,"14,500,000","95,636,509","173,013,509",7.2,73,70,77,
2003,2004,Dirty Pretty Things,1,10000000,"100,512","8,112,414","13,904,766",7.3,78,94,82,
2003,2004,Finding Nemo,4,94000000,"70,251,710","380,843,261","940,352,645",8.1,90,99,86,
2003,2004,Girl with a Pearl Earring,3,12000000,"89,472","11,670,971","33,030,115",6.9,72,72,68,
2003,2004,House of Sand and Fog,3,16500000,"45,572","13,040,288","16,763,804",7.5,71,74,83,
2003,2004,Lost in Translation,4,4000000,"925,087","44,585,453","118,686,937",7.7,89,95,85,
2003,2004,Master and Commander: The Far Side of the World,10,150000000,"25,105,990","93,927,920","211,622,535",7.4,81,85,80,
2003,2004,Monster,1,8000000,"86,831","34,469,210","58,469,210",7.3,74,81,81,
2003,2004,Mystic River,6,25000000,"640,815","90,135,191","156,595,191",7.9,84,88,89,
2003,2004,Pieces of April,1,300000,"48,422","2,528,664","3,282,321",7,70,84,73,
2003,2004,Pirates of the Caribbean: The Curse of the Black Pearl,5,140000000,"46,630,690","305,413,918","654,264,015",8,63,79,86,
2003,2004,Seabiscuit,7,87000000,"20,854,735","120,277,854","148,336,445",7.3,72,77,76,
2003,2004,Something's Gotta Give,1,80000000,"16,064,723","124,728,738","265,328,738",6.7,66,72,69,
2003,2004,The Cooler,1,3200000,"128,973","8,291,572","10,464,788",6.9,69,77,89,
2003,2004,The Last Samurai,4,140000000,"24,271,354","111,127,263","454,627,263",7.7,55,66,83,
2003,2004,The Lord of the Rings: The Return of the King,11,94000000,"72,629,713","377,845,905","1,142,456,987",8.9,94,93,86,
2003,2004,The Triplets of Belleville,2,9500000,"108,080","7,007,149","14,776,760",7.8,91,94,90,
2003,2004,The Twilight Samurai,1,5000000,"8,573","559,765","7,372,769",8.1,82,99,94,
2003,2004,Thirteen,1,2000000,"116,260","4,601,043","10,128,960",6.8,70,81,77,
2003,2004,Whale Rider,1,3500000,"137,418","20,779,666","41,062,976",7.5,80,91,88,
2004,2005,A Very Long Engagement,2,56600000,"101,749","6,524,389","69,424,389",7.6,76,78,85,
2004,2005,Before Sunset,1,2700000,"219,425","5,820,649","15,936,507",8.1,90,94,91,
2004,2005,Being Julia,1,18000000,"122,214","7,739,049","14,339,171",7,65,76,74,
2004,2005,Closer,2,27000000,"7,707,972","33,987,757","115,505,027",7.2,65,68,81,
2004,2005,Collateral,2,65000000,"24,701,458","101,005,703","220,926,695",7.5,71,86,84,
2004,2005,Eternal Sunshine of the Spotless Mind,2,20000000,"8,175,198","34,400,301","74,036,715",8.3,89,92,94,
2004,2005,Finding Neverland,7,25000000,"220,524","51,680,613","116,650,613",7.6,67,83,87,
2004,2005,Harry Potter and the Prisoner of Azkaban,2,130000000,"93,687,367","249,975,996","796,246,544",7.9,82,90,86,
2004,2005,Hotel Rwanda,3,17500000,"100,091","23,530,892","33,882,243",8.1,79,91,94,
2004,2005,"I, Robot",1,120000000,"52,179,887","144,801,023","353,133,898",7.1,59,56,70,
2004,2005,Kinsey,1,11000000,"169,038","10,254,979","17,050,017",7,79,90,75,
2004,2005,Lemony Snicket's A Series of Unfortunate Events,4,140000000,"30,061,756","118,634,549","211,468,235",6.8,62,72,63,
2004,2005,Maria Full of Grace,1,3000000,"139,066","6,529,624","12,594,630",7.4,87,97,87,
2004,2005,Million Dollar Baby,7,30000000,"179,953","100,492,203","216,763,646",8.1,86,90,90,
2004,2005,Ray,6,40000000,"20,039,730","75,331,600","123,971,376",7.7,73,79,87,
2004,2005,Shark Tale,1,75000000,"47,604,606","160,861,908","374,583,879",6,48,36,41,
2004,2005,Shrek 2,2,150000000,"108,037,878","441,226,247","928,760,770",7.2,75,89,69,
2004,2005,Sideways,5,16000000,"207,042","71,503,593","109,706,931",7.5,94,97,79,
2004,2005,Spider-Man 2,3,200000000,"88,156,227","373,585,825","788,976,453",7.3,83,93,82,
2004,2005,Super Size Me,1,65000,"516,641","11,536,423","20,645,757",7.2,73,92,72,
2004,2005,The Aviator,11,110000000,"858,021","102,610,330","213,719,942",7.5,77,86,79,
2004,2005,The Incredibles,4,92000000,"70,467,623","261,441,092","631,607,053",8,90,97,75,
2004,2005,The Passion of the Christ,3,30000000,"83,848,082","370,782,930","612,054,428",7.2,47,49,80,
2004,2005,The Phantom of the Opera,3,70000000,"4,001,890","51,268,815","154,649,125",7.2,40,33,84,
2004,2005,The Polar Express,3,165000000,"23,323,463","187,935,490","314,215,454",6.6,61,56,63,
2004,2005,The Village,1,60000000,"50,746,142","114,197,520","256,697,520",6.5,44,43,57,
2004,2005,Troy,1,175000000,"46,865,412","133,378,256","497,409,852",7.3,56,54,73,
2004,2005,Tupac: Resurrection,1,300000,"4,632,847","7,718,961","7,808,524",7.9,66,78,90,
2004,2005,Vera Drake,3,11000000,"13,207","3,775,283","13,267,869",7.6,83,92,84,
2005,2006,A History of Violence,2,32000000,"364,000","31,504,633","61,385,065",7.4,81,87,76,
2005,2006,Batman Begins,1,150000000,"48,745,440","206,852,432","373,661,946",8.2,70,84,94,
2005,2006,Brokeback Mountain,8,14000000,"547,425","83,043,761","178,062,759",7.7,87,87,82,
2005,2006,Capote,5,7000000,"324,857","28,750,530","49,327,405",7.3,88,89,82,
2005,2006,Charlie and the Chocolate Factory,1,150000000,"56,178,450","206,459,076","474,968,763",6.6,72,83,51,
2005,2006,Cinderella Man,3,88000000,"18,320,205","61,649,911","108,539,911",8,69,80,91,
2005,2006,Crash,6,6500000,"9,107,071","54,580,300","98,410,061",7.7,66,74,88,
2005,2006,"Good Night, and Good Luck.",6,7000000,"421,446","31,558,003","54,641,191",7.4,80,93,83,
2005,2006,Harry Potter and the Goblet of Fire,1,150000000,"102,685,961","290,417,905","896,462,886",7.7,81,88,74,
2005,2006,Howl's Moving Castle,1,24000000,"427,987","5,576,743","236,214,446",8.2,80,87,93,
2005,2006,Hustle & Flow,2,2800000,"8,017,808","22,202,809","23,563,727",7.3,68,82,82,
2005,2006,Junebug,1,1000000,"74,739","2,678,691","3,399,228",6.9,80,86,73,
2005,2006,King Kong,4,207000000,"50,130,145","218,080,025","562,363,449",7.2,81,84,50,
2005,2006,March of the Penguins,1,8000000,"137,492","77,437,223","127,392,693",7.5,79,94,81,
2005,2006,Match Point,1,15000000,"398,593","23,151,529","85,638,656",7.6,72,77,81,
2005,2006,Memoirs of a Geisha,6,85000000,"682,504","57,490,508","162,242,962",7.4,54,35,83,
2005,2006,Mrs. Henderson Presents,2,20000000,"55,344","11,036,366","27,876,417",7,71,67,72,
2005,2006,Munich,5,70000000,"4,152,260","47,403,685","130,982,129",7.5,74,78,83,
2005,2006,Murderball,1,1750211,"57,286","1,531,154","1,751,895",7.7,87,98,89,
2005,2006,North Country,2,35000000,"6,422,455","18,337,722","25,211,175",7.3,68,69,76,
2005,2006,Paradise Now,1,2000000,"48,023","1,457,843","3,579,902",7.4,71,89,87,
2005,2006,Pride & Prejudice,4,28000000,"2,804,000","38,405,088","121,616,555",7.8,82,86,89,
2005,2006,Star Wars: Episode III Revenge of the Sith,1,113000000,"108,435,841","380,270,577","868,390,560",7.5,68,80,66,
2005,2006,Syriana,2,50000000,"374,502","50,824,620","93,974,620",6.9,76,73,67,
2005,2006,The Constant Gardener,4,25000000,"8,577,000","33,579,797","82,468,097",7.4,82,84,82,
2005,2006,The New World,1,30000000,"30,864","12,712,093","49,334,775",6.7,79,62,58,
2005,2006,The Squid and the Whale,1,1500000,"129,844","7,372,734","11,098,131",7.3,82,92,81,
2005,2006,Tim Burton's Corpse Bride,1,40000000,"388,166","53,359,111","118,090,836",7.3,83,84,77,
2005,2006,Transamerica,2,1000000,"46,908","9,015,303","15,151,744",7.4,66,77,83,
2005,2006,Tsotsi,1,3000000,"76,324","2,912,606","9,891,303",7.2,70,82,86,
2005,2006,Walk the Line,5,28000000,"22,347,341","119,519,402","186,797,986",7.8,72,82,90,
2005,2006,Wallace & Gromit in The Curse of the Were-Rabbit,1,30000000,"16,025,987","56,110,897","194,137,091",7.4,87,95,79,
2005,2006,War of the Worlds,3,132000000,"64,878,725","234,280,354","603,873,119",6.5,73,75,42,
2006,2007,An Inconvenient Truth,2,1500000,281330,24146161,49782012,7.4,75,93,79,
2006,2007,Apocalypto,3,40000000,15005604,50866635,120673227,7.8,68,66,79,
2006,2007,Babel,7,25000000,389351,34302837,135330182,7.4,69,69,77,
2006,2007,Blood Diamond,5,100000000,8648324,57377916,171720398,8,64,63,90,
2006,2007,Borat Cultural Learnings of America for Make Benefit Glorious Nation of Kazakhstan,1,18000000,26455463,128505958,262552893,7.3,89,91,79,
2006,2007,Cars,2,120000000,60119509,244082982,461991867,7.1,73,74,79,
2006,2007,Children of Men,3,76000000,501003,35552383,70595464,7.9,84,92,85,
2006,2007,Click,1,82500000,40011365,137355633,240685326,6.4,45,34,66,
2006,2007,Curse of the Golden Flower,1,45000000,184000,6566773,78568977,7,70,65,65,
2006,2007,Dreamgirls,8,70000000,378950,103365956,155430335,6.5,76,78,71,
2006,2007,Flags of Our Fathers,2,90000000,10245190,33602370,65900249,7.1,79,73,69,
2006,2007,Half Nelson,1,700000,53983,2697938,4660481,7.2,85,90,82,
2006,2007,Happy Feet,1,100000000,41533432,193000317,384336108,6.4,77,76,70,
2006,2007,Helmer & Son,1,,,,,6.7,,,81,
2006,2007,Letters from Iwo Jima,4,19000000,89097,13756082,68673228,7.9,89,91,86,
2006,2007,Little Children,3,26000000,97953,5463019,14821658,7.5,75,80,82,
2006,2007,Little Miss Sunshine,4,8000000,370998,59891098,101058954,7.8,80,91,91,
2006,2007,Marie Antoinette,1,40000000,5361050,15962471,60917189,6.5,65,57,56,
2006,2007,Monster House,1,75000000,22217226,73661010,141861243,6.6,68,75,63,
2006,2007,Notes on a Scandal,4,15000000,414487,17510118,49814392,7.4,73,87,83,
2006,2007,Pan's Labyrinth,6,19000000,568641,37634615,83850267,8.2,98,95,91,
2006,2007,Pirates of the Caribbean: Dead Man's Chest,4,225000000,135634554,423315812,1066179747,7.3,53,53,72,
2006,2007,Poseidon,1,160000000,22155410,60674817,181674817,5.7,50,33,43,
2006,2007,Superman Returns,1,270000000,52535096,200081192,391081192,6,72,75,61,
2006,2007,The Black Dahlia,1,50000000,10005895,2254508,49332692,5.6,49,32,27,
2006,2007,The Departed,5,90000000,26887467,132384315,291465373,8.5,85,90,94,
2006,2007,The Devil Wears Prada,2,35000000,27537244,124740460,326706115,6.9,62,75,76,
2006,2007,The Good German,1,32000000,76817,1308696,5914908,6,49,34,33,
2006,2007,The Good Shepherd,1,110000000,9912110,59952835,100266865,6.7,61,55,51,
2006,2007,The Illusionist,1,16500000,927956,39868642,87892388,7.6,68,73,83,
2006,2007,The Last King of Scotland,1,6000000,142899,17606684,48618191,7.7,74,87,89,
2006,2007,The Lives of Others,1,2000000,223000,11286112,77356942,8.4,89,92,96,
2006,2007,The Prestige,2,40000000,14801808,53089891,109676311,8.5,66,76,92,
2006,2007,The Pursuit of Happyness,1,55000000,26541709,163566459,307127625,8,64,67,87,
2006,2007,Venus,1,3000000,35604,3347411,7321309,7.1,82,88,74,
2007,2008,12,1,4000000,12042,125120,7537453,7.7,72,77,83,
2007,2008,3:10 to Yuma,2,55000000,14035033,53606916,70016220,7.7,76,89,86,
2007,2008,Across the Universe,1,45000000,667784,24602291,29625761,7.3,56,53,82,
2007,2008,American Gangster,2,100000000,43565135,130164645,269755430,7.8,76,81,85,
2007,2008,Atonement,7,30000000,784145,50927067,131016624,7.8,85,83,80,
2007,2008,August Rush,1,30000000,9421369,31664162,66122026,7.5,38,37,82,
2007,2008,Charlie Wilson's War,1,75000000,9656250,66661095,119483446,7,67,82,73,
2007,2008,Elizabeth: The Golden Age,2,55000000,6153075,16383509,75782758,6.8,45,35,59,
2007,2008,Enchanted,3,85000000,34440317,127807262,340487836,7,75,93,80,
2007,2008,Gone Baby Gone,1,19000000,2299000,20292962,34612443,7.6,72,94,86,
2007,2008,I'm Not There,1,20000000,730819,4017609,11792542,6.9,73,77,69,
2007,2008,Into the Wild,2,15000000,212440,18354356,56675895,8.1,73,83,89,
2007,2008,Juno,4,7500000,413869,143495265,232372681,7.4,81,94,88,
2007,2008,La Vie en Rose,3,25000000,179848,10301706,86274793,7.6,66,74,84,
2007,2008,Lars and the Real Girl,1,12000000,90418,5972884,11293663,7.3,70,81,84,
2007,2008,Michael Clayton,7,25000000,719910,49033882,92991835,7.2,82,91,69,
2007,2008,Mongol,1,18000000,135326,5705761,26527510,7.2,74,87,76,
2007,2008,My Love (Moya Lyubov),1,,,,,8,,,90,
2007,2008,No Country for Old Men,8,25000000,1202000,74283625,171627166,8.1,91,93,86,
2007,2008,No End in Sight,1,2000000,31533,1433319,1433319,8.2,89,96,94,
2007,2008,Norbit,1,60000000,34195434,95673607,159814490,4.1,27,9,53,
2007,2008,Once,1,150000,61901,9439923,20936722,7.8,88,97,91,
2007,2008,Persepolis,1,73000000,88826,4445756,22783978,8,90,96,92,
2007,2008,Pirates of the Caribbean: At World's End,2,300000000,114732820,309420425,960996492,7.1,50,44,72,
2007,2008,Ratatouille,5,150000000,47027395,206445654,623726085,8,96,96,87,
2007,2008,Sicko,1,9000000,68969,24540079,36163768,7.9,74,91,87,
2007,2008,Surf's Up,1,100000000,17640249,58867694,152005713,6.7,64,79,70,
2007,2008,Sweeney Todd The Demon Barber of Fleet Street,3,50000000,9300805,52898073,153383627,7.3,83,86,81,
2007,2008,Taxi to the Dark Side,1,1000000,10930,274661,294309,7.4,82,100,90,
2007,2008,The Assassination of Jesse James by the Coward Robert Ford,2,30000000,147812,3909149,15001776,7.5,68,76,75,
2007,2008,The Bourne Ultimatum,3,110000000,69283690,227471070,444100035,8,85,92,91,
2007,2008,The Golden Compass,2,180000000,26125000,70107728,372234864,6.1,51,42,51,
2007,2008,The Kite Runner,1,20000000,471713,15700078,75011029,7.6,61,65,84,
2007,2008,The Tonto Woman,1,,,,,6.9,,,69,
2007,2008,There Will Be Blood,8,25000000,190739,40222514,76181545,8.2,93,91,86,
2007,2008,Transformers,3,150000000,70502384,319246193,709709780,7,61,58,85,
2008,2009,Australia,1,130000000,14800723,49554002,211787511,6.6,53,55,65,
2008,2009,Bolt,1,150000000,26223128,114053579,309979994,6.8,67,89,74,
2008,2009,Changeling,3,55000000,489015,35739802,113398237,7.7,63,62,82,
2008,2009,Defiance,1,32000000,123513,28644813,51262751,7.2,58,58,72,
2008,2009,Doubt,5,20000000,507226,33446470,51699984,7.5,68,79,78,
2008,2009,Frost/Nixon,5,25000000,180708,18622031,27426335,7.7,80,93,88,
2008,2009,Frozen River,2,1000000,70234,2511476,5457664,7.1,82,88,74,
2008,2009,Happy-Go-Lucky,1,,73867,3512016,18696602,7,84,93,67,
2008,2009,Hellboy II: The Golden Army,1,85000000,34539115,75986503,168319243,7,78,86,71,
2008,2009,In Bruges,1,15000000,459575,7800824,34085749,7.9,67,84,87,
2008,2009,Iron Man,2,140000000,98618668,319034126,585796247,7.9,79,94,91,
2008,2009,Kung Fu Panda,1,130000000,60239130,215434591,631746197,7.6,74,87,83,
2008,2009,Milk,8,20000000,1453844,31841299,54589558,7.5,84,93,89,
2008,2009,Revolutionary Road,3,35000000,189911,22911480,75981180,7.3,69,67,71,
2008,2009,Slumdog Millionaire,10,15000000,360018,141319928,378410542,8,84,91,90,
2008,2009,The Curious Case of Benjamin Button,13,150000000,26853816,127509326,335802786,7.8,70,71,80,
2008,2009,The Dark Knight,8,185000000,158411483,534858444,1005973645,9,84,94,94,
2008,2009,The Duchess,2,13500000,190426,13848978,43343384,6.9,62,62,67,
2008,2009,The Reader,5,32000000,168051,34194407,108902486,7.6,58,63,79,
2008,2009,The Visitor,1,4000000,86488,9427089,18197518,7.6,79,89,84,
2008,2009,The Wrestler,2,6000000,202714,26238243,44734660,7.9,80,98,88,
2008,2009,Tropic Thunder,1,92000000,25812796,110515313,195702963,7,71,82,70,
2008,2009,Trouble the Water,1,900000,28606,520151,522766,7.4,83,96,86,
2008,2009,Vicky Cristina Barcelona,1,15500000,3755575,23216709,96409300,7.1,70,81,74,
2008,2009,WALL-E,6,180000000,63087526,223808164,5213311890,8.4,95,95,90,
2008,2009,Waltz with Bashir,1,1500000,50021,2283849,11179372,8,91,96,91,
2008,2009,Wanted,2,75000000,50927085,134508551,342463063,6.7,64,71,69,
2009,2010,A Prophet,1,13000000,163773,2087720,17874044,7.9,90,96,89,
2009,2010,A Serious Man,2,7000000,251337,9228768,31430334,7,84,89,68,
2009,2010,A Single Man,1,7000000,217332,9176000,24964890,7.6,77,86,81,
2009,2010,Ajami,1,1000000,35792,622403,1331651,7.3,82,97,81,
2009,2010,An Education,3,7500000,159017,12574914,26096852,7.3,85,93,80,
2009,2010,Avatar,9,237000000,77025481,760507625,2841379794,7.8,83,82,82,
2009,2010,Bright Star,1,8500000,189703,4444637,14374652,6.9,81,82,68,
2009,2010,Coco before Chanel,1,23000000,406768,6113834,50812934,6.7,65,64,57,
2009,2010,Coraline,1,60000000,16849640,75286229,124596837,7.7,80,90,73,
2009,2010,Crazy Heart,3,7000000,82664,39464306,47405566,7.2,83,90,76,
2009,2010,District 9,4,30000000,37354308,115646235,210888950,7.9,81,90,82,
2009,2010,Fantastic Mr. Fox,2,40000000,265900,21002919,46474181,7.9,83,93,85,
2009,2010,Harry Potter and the Half-Blood Prince,1,250000000,77835727,302305431,934454096,7.6,78,84,78,
2009,2010,Inglourious Basterds,8,700000000,38054676,120540719,321457747,8.3,69,89,88,
2009,2010,Invictus,2,60000000,8611147,37491364,122426792,7.3,74,76,75,
2009,2010,Julie & Julia,1,40000000,20027956,94125426,129540522,7,66,77,70,
2009,2010,Nine,4,80000000,257232,19676965,54004950,5.8,49,39,37,
2009,2010,Precious: Based on the Novel 'Push' by Sapphire,6,10000000,1872458,47566524,63649529,7.3,78,92,81,
2009,2010,Sherlock Holmes,2,90000000,62304277,209028679,524028679,7.6,57,69,77,
2009,2010,Star Trek,4,150000000,75204289,257730019,385680446,7.9,82,94,91,
2009,2010,The Blind Side,2,29000000,34119372,255959475,309208309,7.6,53,66,85,
2009,2010,The Cove,1,,57640,857005,1187434,8.4,84,95,94,
2009,2010,The Hurt Locker,9,15000000,145352,17017811,49259766,7.5,95,97,84,
2009,2010,The Imaginarium of Doctor Parnassus,2,30000000,415233,7689607,61808775,6.8,65,64,60,
2009,2010,The Last Station,2,18000000,73723,6617867,20554320,7,76,71,67,
2009,2010,The Lovely Bones,1,65000000,116616,44114232,936621340,6.7,42,32,52,
2009,2010,The Messenger,2,6500000,44523,1109660,1595417,7.1,77,90,75,
2009,2010,The Princess and the Frog,3,105000000,786190,104400899,267045765,7.1,73,85,74,
2009,2010,The Secret in Their Eyes,1,2000000,167866,6391436,35079650,8.2,80,89,93,
2009,2010,The Secret of Kells,1,8000000,39826,676775,1803412,7.6,81,90,85,
2009,2010,The White Ribbon,2,18000000,59848,2222862,19319671,7.8,82,86,79,
2009,2010,The Young Victoria,3,35000000,260591,11001272,29196409,7.3,64,76,74,
2009,2010,Transformers: Revenge of the Fallen,1,200000000,108966307,402111870,836303693,6,35,20,57,
2009,2010,Up,5,175000000,68108790,293004164,735099102,8.2,88,98,90,
2009,2010,Up in the Air,6,25000000,1181450,83823381,166842739,7.4,83,90,79,
2010,2011,127 Hours,6,18000000,264851,18335230,60738797,7.5,82,93,85,
2010,2011,Alice in Wonderland,3,200000000,116101023,334191110,1025468216,6.4,53,51,55,
2010,2011,Another Year,1,8000000,111869,3205706,19722766,7.3,80,93,74,
2010,2011,Barney's Version,1,30000000,65241,4439201,12106921,7.3,67,78,78,
2010,2011,Black Swan,5,13000000,1443809,106954678,329398046,8,79,85,84,
2010,2011,Blue Valentine,1,1000000,193728,9706328,15440333,7.4,81,86,77,
2010,2011,Country Strong,1,15000000,30452,20218921,20529194,6.3,45,22,53,
2010,2011,Hereafter,1,50000000,220322,32746941,106956330,6.4,56,47,38,
2010,2011,How to Train Your Dragon,2,165000000,43732319,217581231,494879471,8.1,75,99,91,
2010,2011,In a Better World,1,5500000,33058,1008098,13004504,7.6,65,78,86,
2010,2011,Incendies,1,6800000,50679,2071334,7099598,8.3,80,92,92,
2010,2011,Inception,8,16000000,62785337,292576195,836836967,8.8,74,87,91,
2010,2011,Inside Job,1,2000000,39649,4312735,7871522,8.2,88,98,91,
2010,2011,Iron Man 2,1,200000000,128122480,312433331,623933331,7,57,72,71,
2010,2011,Rabbit Hole,1,5000000,53778,2229058,5144717,7,76,87,72,
2010,2011,Salt,1,110000000,36011243,118311368,293503354,6.4,65,62,59,
2010,2011,Sun Come Up,1,,,,,7.3,,,67,
2010,2011,Tangled,1,260000000,48767052,200821936,592462816,7.7,71,89,87,
2010,2011,The Fighter,7,25000000,300010,93617009,129190869,7.8,79,90,89,
2010,2011,The Illusionist,1,16500000,927956,39868642,87892388,7.6,68,73,83,
2010,2011,The Kids Are All Right,4,4000000,491971,20811365,34758951,7,86,92,74,
2010,2011,The King's Speech,12,15000000,355450,138797449,427374317,8,88,94,92,
2010,2011,The Social Network,8,40000000,22445653,96962694,224920375,7.7,95,96,86,
2010,2011,The Tempest,1,20000000,42436,277943,405861,5.3,43,30,28,
2010,2011,The Town,1,37000000,23808032,92186262,154026136,7.5,74,92,85,
2010,2011,The Way Back,1,30000000,1218868,2701859,24172201,7.3,66,74,72,
2010,2011,The Wolfman,1,150000000,31479235,61979680,139789765,5.8,43,34,33,
2010,2011,Toy Story 3,5,200000000,110307189,415004880,1066970811,8.2,92,98,90,
2010,2011,Tron: Legacy,1,170000000,44026211,172062763,400062763,6.8,49,51,63,
2010,2011,True Grit,10,38000000,24830443,171243005,252276927,7.6,80,95,85,
2010,2011,Unstoppable,1,100000000,22688457,81562942,167805466,6.8,69,87,72,
2010,2011,Waste Land,1,1500000,9806,187716,291307,7.9,78,100,90,
2010,2011,Winter's Bone,4,2000000,84797,6531503,13796834,7.1,90,94,76,
2011,2012,A Better Life,1,10000000,62087,1759252,1863506,7.2,64,85,79,
2011,2012,A Separation,2,500000,59481,7099055,22926076,8.3,95,99,92,
2011,2012,Albert Nobbs,3,8000000,696088,3014696,7532259,6.7,57,56,47,
2011,2012,Anonymous,1,30000000,1021768,4463292,15395087,6.9,50,45,53,
2011,2012,Beginners,1,3200000,141340,5790894,14311701,7.2,81,85,77,
2011,2012,Bridesmaids,2,32500000,26247410,169106725,288383523,6.8,75,90,76,
2011,2012,Drive,1,15000000,11340461,35061555,77187281,7.8,78,92,79,
2011,2012,Extremely Loud & Incredibly Close,2,40000000,72348,31847881,55247881,6.9,46,45,61,
2011,2012,Harry Potter and the Deathly Hallows Part 2,3,125000000,169189427,381409310,1342223936,8.1,85,96,89,
2011,2012,Hugo,11,150000000,11364505,73864507,185770310,7.5,83,93,78,
2011,2012,Kung Fu Panda 2,1,150000000,47656302,165249063,665692281,7.2,67,81,74,
2011,2012,Margin Call,1,3500000,561906,5354039,19504039,7.1,76,87,74,
2011,2012,Midnight in Paris,4,17000000,599003,56817045,153959590,7.7,81,93,83,
2011,2012,Moneyball,6,50000000,19501302,75605492,110206216,7.6,87,94,86,
2011,2012,Puss in Boots,1,130000000,34077439,149260504,554987477,6.6,65,86,67,
2011,2012,Rango,1,135000000,38079323,123477607,245724603,7.2,75,88,69,
2011,2012,Real Steel,1,110000000,27319677,85468508,299268508,7.1,56,60,73,
2011,2012,Rio,1,90000000,39225962,143619809,483866518,6.9,63,772,71,
2011,2012,Rise of the Planet of the Apes,1,93000000,54806191,176760185,481800873,7.6,68,82,77,
2011,2012,The Adventures of Tintin,1,135000000,9720993,77591831,373993951,7.3,68,74,74,
2011,2012,The Artist,10,15000000,204878,44671682,133432856,7.9,89,95,87,
2011,2012,The Descendants,5,20000000,1190096,82584160,177243185,7.3,84,87,79,
2011,2012,The Girl with the Dragon Tattoo,5,90000000,12768604,102515793,232617430,7.8,71,87,86,
2011,2012,The Help,4,25000000,26044590,169708112,216639112,8,62,76,89,
2011,2012,The Ides of March,1,12500000,10470143,40962534,76338111,7.1,67,83,73,
2011,2012,The Iron Lady,2,13000000,220409,30017992,115890699,6.4,54,52,51,
2011,2012,The Muppets,1,45000000,29239026,88631237,165184237,7.1,75,95,80,
2011,2012,The Tree of Life,3,32000000,372920,13303319,58409247,6.8,85,84,60,
2011,2012,Transformers: Dark of the Moon,3,195000000,97852865,352390543,1123794079,6.2,42,35,55,
2011,2012,W.E.,1,15000000,47074,583455,2042203,6.3,37,12,48,
2011,2012,War Horse,6,66000000,7515402,79884879,177584879,7.2,72,74,74,
2011,2012,Warrior,1,25000000,5242107,13657115,23308615,8.2,71,83,92,
2012,2013,Amour,5,8900000,68266,6739492,29664140,7.9,94,93,82,
2012,2013,Anna Karenina,4,40600000,320690,12816367,68929150,6.6,63,63,50,
2012,2013,Argo,7,44500000,19458109,136025503,232325503,7.7,86,96,90,
2012,2013,Beasts of the Southern Wild,4,1800000,169702,12795746,21107746,7.3,86,86,76,
2012,2013,Brave,1,185000000,66323594,237283207,538983207,7.1,69,78,75,
2012,2013,Django Unchained,5,100000000,30122888,162805434,426074373,8.4,81,87,91,
2012,2013,Flight,2,31000000,24900566,93772375,161772375,7.3,76,77,75,
2012,2013,Frankenweenie,1,39000000,11412213,35291068,81493846,6.9,74,87,70,
2012,2013,Hitchcock,1,15700000,287715,6008677,27039669,6.8,55,60,60,
2012,2013,Kon-Tiki,1,16600000,22168,1517410,22842887,7.2,62,81,77,
2012,2013,Les Miserables,8,61000000,27281735,148809770,441809770,7.6,63,70,79,
2012,2013,Life of Pi,11,120000000,22451514,124987023,609016565,7.9,79,86,84,
2012,2013,Lincoln,12,65000000,944308,182207973,275283450,7.3,86,89,81,
2012,2013,Marvel's The Avengers,1,220000000,207438708,623357910,1518815515,8,69,91,91,
2012,2013,Mirror Mirror,1,85000000,18132085,64935167,183018522,5.6,46,50,44,
2012,2013,Moonrise Kingdom,1,16000000,522996,45512466,68264022,7.8,84,93,86,
2012,2013,ParaNorman,1,60000000,14087050,56003051,107139399,7,72,89,72,
2012,2013,Prometheus,1,130000000,51050101,126477084,403354469,7,64,73,68,
2012,2013,Redemption,1,20000000,19977,36895,12671109,6.2,43,49,38,
2012,2013,Silver Linings Playbook,8,21000000,443003,132092958,236412453,7.7,81,92,86,
2012,2013,Skyfall,5,200000000,88364714,304360277,1108561013,7.8,81,92,86,
2012,2013,Snow White and the Huntsman,2,170000000,56217700,155332381,396592829,6.1,57,49,52,
2012,2013,Ted,1,50000000,54415205,218815487,549368315,6.9,62,69,73,
2012,2013,The Hobbit: An Unexpected Journey,3,180000000,84617303,303003568,1017003568,7.8,58,64,83,
2012,2013,The Impossible,1,45000000,143818,19019882,198087212,7.6,73,81,84,
2012,2013,The Master,3,32000000,736311,16377274,28258060,7.2,86,84,61,
2012,2013,The Pirates! Band of Misfits,1,55000000,11137734,31051126,123054041,6.7,73,86,60,
2012,2013,The Sessions,1,1000000,113467,6002451,10656155,7.2,79,91,80,
2012,2013,War Witch,1,3500000,8714,70544,313387,7.1,84,94,78,
2012,2013,Wreck-It Ralph,1,165000000,49038712,189422889,471222889,7.7,72,87,86,
2012,2013,Zero Dark Thirty,5,40000000,417150,95720716,132820716,7.4,95,91,80,
2013,2014,12 Years a Slave,9,20000000,923715,56671993,187733202,8.1,96,95,90,
2013,2014,20 Feet from Stardom,1,1000000,54596,4946445,5839368,7.4,83,99,82,
2013,2014,All Is Lost,1,9000000,93583,6263670,13627519,6.9,87,94,63,
2013,2014,American Hustle,10,40000000,740455,150117807,251171807,7.2,90,92,74,
2013,2014,August: Osage County,2,25000000,179302,37738810,74188937,7.2,58,67,65,
2013,2014,Before Midnight,1,3000000,246914,8114627,20994648,7.9,94,98,82,
2013,2014,Blue Jasmine,3,18000000,612064,33405481,99104804,7.3,78,90,77,
2013,2014,Captain Phillips,6,55000000,25718314,107100855,218791811,7.8,82,93,89,
2013,2014,Dallas Buyers Club,6,5000000,260865,27298285,55736588,8,80,93,91,
2013,2014,Despicable Me 2,2,76000000,83517315,368065385,970766005,7.3,62,75,85,
2013,2014,Frozen,2,150000000,243390,400953009,1281019275,7.4,75,90,85,
2013,2014,Gravity,10,100000000,55785112,274092705,723192705,7.7,96,95,80,
2013,2014,Her,5,23000000,260382,25568251,48517427,8,90,94,82,
2013,2014,Inside Llewyn Davis,2,11000000,405411,13235319,32960249,7.5,93,92,74,
2013,2014,Iron Man 3,1,200000000,174144585,409013994,1214811252,7.1,62,79,78,
2013,2014,Jackass Presents: Bad Grandpa,1,15000000,32055177,102003019,151826547,6.5,54,61,60,
2013,2014,Lone Survivor,2,40000000,90872,125095601,154802912,7.5,60,75,87,
2013,2014,Mandela: Long Walk to Freedom,1,35000000,84283,8323085,27985788,7.1,60,62,68,
2013,2014,Nebraska,6,12000000,140401,17654912,27682872,7.7,87,91,83,
2013,2014,Omar,1,2100000,157000,356000,614444,7.5,75,90,84,
2013,2014,Philomena,4,12000000,128435,37709979,100129872,7.6,77,91,89,
2013,2014,Prisoners,1,46000000,20817053,61002302,122126687,8.1,70,81,87,
2013,2014,Saving Mr. Banks,1,35000000,413373,83301580,117867984,7.5,65,79,84,
2013,2014,Star Trek Into Darkness,1,190000000,70165559,228778661,467365246,7.7,72,84,89,
2013,2014,The Act of Killing,1,1000000,27450,486919,726324,8.2,91,95,85,
2013,2014,The Book Thief,1,19000000,105005,21488481,76586316,7.6,53,48,73,
2013,2014,The Croods,1,135000000,43639736,187168425,587205319,7.2,55,72,77,
2013,2014,The Grandmaster,2,38600000,132617,6594959,73906736,6.6,73,78,59,
2013,2014,The Great Gatsby,2,105000000,50085185,144840419,353642274,7.2,55,48,67,
2013,2014,The Hobbit: The Desolation of Smaug,3,225000000,73645197,258366855,958366855,7.8,66,74,85,
2013,2014,The Hunt,1,14000000,5304455,5812500,11472187,6.5,50,57,66,
2013,2014,The Lone Ranger,2,215000000,29210849,89302115,260502115,6.4,37,30,51,
2013,2014,The Square,1,1500000,16359,124244,124244,8.1,84,100,90,
2013,2014,The Wind Rises,1,30000000,313751,5209580,136533257,7.8,83,88,85,
2013,2014,The Wolf of Wall Street,5,100000000,18361578,116900694,392000694,8.2,75,79,83,
2014,2015,American Sniper,6,58800000,633456,350126372,547426372,7.3,72,72,84,
2014,2015,Begin Again,1,8000000,134064,16170632,65652908,7.4,64,83,81,
2014,2015,Beyond the Lights,1,7000000,6200284,14618727,14618727,6.9,73,83,75,
2014,2015,Big Hero 6,1,165000000,56215889,222527828,657869686,7.8,74,89,91,
2014,2015,Birdman or (The Unexpected Virtue of Ignorance),9,18000000,424397,42340598,103215094,7.7,87,91,77,
2014,2015,Boyhood,6,4000000,387618,25352281,48137666,7.9,100,97,80,
2014,2015,Captain America: The Winter Soldier,1,170000000,95023721,259766572,714421503,7.7,70,90,92,
2014,2015,Dawn of the Planet of the Apes,1,170000000,72611427,208545589,710644566,7.6,79,90,88,
2014,2015,Foxcatcher,5,24000000,270877,12096300,19206513,7,81,87,66,
2014,2015,Gone Girl,1,61000000,37513109,167767189,369330363,8.1,79,87,87,
2014,2015,Guardians of the Galaxy,2,170000000,94320883,333718600,773350147,8,76,92,92,
2014,2015,How to Train Your Dragon 2,1,145000000,49451322,177002924,621537519,7.8,76,92,90,
2014,2015,Inherent Vice,2,20000000,328184,8110975,14710975,6.7,81,73,52,
2014,2015,Interstellar,5,165000000,47510360,188020017,701729127,8.6,74,72,86,
2014,2015,Into the Woods,3,50000000,31051923,128002372,212902372,5.9,69,71,49,
2014,2015,Leviathan,1,,15200,1092800,4439481,7.6,92,97,80,
2014,2015,Maleficent,1,180000000,69410298,241410378,758411779,7,56,54,70,
2014,2015,Nightcrawler,1,8500000,10441000,32381217,47398992,7.9,76,95,85,
2014,2015,Selma,2,20000,571450,52076908,66787908,7.5,80,99,86,
2014,2015,Still Alice,1,5000000,197000,18754371,44779195,7.5,72,85,85,
2014,2015,The Boxtrolls,1,60000000,17275239,50837305,108255770,6.8,61,77,63,
2014,2015,The Grand Budapest Hotel,9,25000000,811166,59301324,172945750,8.1,88,92,86,
2014,2015,The Hobbit: The Battle of the Five Armies,1,250000000,54724334,255119788,956019788,7.4,59,59,74,
2014,2015,The Imitation Game,8,14000000,479352,91125683,233555708,8,73,89,91,
2014,2015,The Judge,1,50000000,13116226,47119388,84419388,7.4,48,49,72,
2014,2015,The Lego Movie,1,60000000,69050279,257760692,468060692,7.7,83,96,87,
2014,2015,The Theory of Everything,5,15000000,208763,35893537,123726688,7.7,72,80,84,
2014,2015,Unbroken,3,65000000,30621445,115637895,161459297,7.2,59,51,70,
2014,2015,Whiplash,5,3300000,135388,13092000,49396747,8.5,88,94,94,
2014,2015,Wild,2,15000000,606810,37880356,52501541,7.1,76,88,75,
2014,2015,Wild Tales,1,3300000,85100,3106530,30642704,8.1,77,94,92,
2014,2015,X-Men: Days of Future Past,1,200000000,90823660,233921534,746045700,7.9,75,90,91,
2015,2016,Anomalisa,1,8000000,135222,3759286,5659286,7.3,88,92,71,
2015,2016,Bridge of Spies,6,40000000,15371203,72313754,165478348,7.6,81,90,87,
2015,2016,Brooklyn,3,11000000,187281,38322743,62076141,7.5,88,97,87,
2015,2016,Carol,6,11800000,253510,12711491,40272135,7.2,94,94,74,
2015,2016,Cinderella,1,95000000,67877361,201151353,542358331,6.9,67,83,78,
2015,2016,Creed,1,35000000,29632823,109767581,173567581,7.6,82,95,89,
2015,2016,Embrace of the Serpent,1,1400000,50955,1329249,3217176,7.9,82,96,85,
2015,2016,Ex Machina,2,15000000,237264,25442958,36869414,7.7,78,92,86,
2015,2016,Fifty Shades of Grey,1,40000000,85171450,166167230,569651467,4.1,46,24,41,
2015,2016,Inside Out,2,175000000,90440272,356921711,858071350,8.1,94,98,89,
2015,2016,Joy,1,60000000,17015168,56451232,101134059,6.6,56,60,57,
2015,2016,Mad Max: Fury Road,10,150000000,45428128,154058340,376127771,8.1,90,97,86,
2015,2016,Racing Extinction,1,1500000,,,,8.3,81,81,82,
2015,2016,Room,4,13000000,118298,14677654,35401758,8.1,86,93,93,
2015,2016,Shaun the Sheep Movie,1,25000000,"4,038,962","19,375,982","106,209,378",7.3,81,99,81,
2015,2016,Sicario,3,30000000,"401,288","46,889,293","84,872,444",7.6,82,92,85,
2015,2016,Spectre,1,245000000,"70,403,148","200,074,609","883,316,273",6.8,60,63,61,
2015,2016,Spotlight,6,20000000,"295,009","45,055,776","98,690,254",8.1,93,97,93,
2015,2016,Star Wars: The Force Awakens,5,245000000,"247,966,675","936,662,225","2,068,455,661",7.9,80,93,86,
2015,2016,Steve Jobs,2,30000000,"521,522","17,766,658","34,441,873",7.2,82,85,73,
2015,2016,Straight Outta Compton,1,28000000,"60,200,180","161,197,785","201,634,991",7.8,72,89,91,
2015,2016,The Big Short,5,28000000,"705,527","70,259,870","133,440,870",7.8,81,88,88,
2015,2016,The Danish Girl,4,15000000,"187,318","11,114,018","64,191,523",7.1,66,66,72,
2015,2016,The Hateful Eight,3,44000000,"4,610,676","54,117,416","156,455,059",7.8,68,74,76,
2015,2016,The Martian,7,108000000,"54,308,575","228,433,663","630,162,235",8,80,91,91,
2015,2016,The Revenant,12,135000000,"474,560","183,637,894","532,950,503",8,76,78,84,
2015,2016,Trumbo,1,15000000,"74,177","7,857,741","11,430,025",7.5,60,74,79,
2016,2017,13 Hours: The Secret Soldiers of Benghazi,1,50000000,"16,194,738","52,853,219","69,411,370",7.3,48,51,82,
2016,2017,20th Century Women,1,7000000,"111,200","5,664,764","7,214,806",7.3,83,88,74,
2016,2017,Allied,1,85000000,"12,701,743","40,098,064","119,520,023",7.1,60,61,64,
2016,2017,Arrival,8,47000000,"24,074,047","100,546,139","203,388,186",7.9,81,94,82,
2016,2017,Deepwater Horizon,2,110000000,20223544,61433527,121790373,7.1,68,83,82,
2016,2017,Doctor Strange,1,165000000,85058311,232641920,677796076,7.5,72,89,85,
2016,2017,Fantastic Beasts and Where to Find Them,2,180000000,74403387,234037575,814044001,7.3,66,74,79,
2016,2017,Fences,4,24000000,129462,57682904,64414761,7.2,79,92,75,
2016,2017,Florence Foster Jenkins,2,29000000,6601313,27383770,49052787,6.8,71,87,68,
2016,2017,Hacksaw Ridge,6,40000000,15190758,67209615,180450918,8.1,71,84,91,
2016,2017,"Hail, Caesar!",1,22000000,11355225,30498085,63647656,6.3,72,85,44,
2016,2017,Hell or High Water,4,12000000,621329,27007844,37879877,7.6,88,96,88,
2016,2017,Hidden Figures,3,25000000,515499,169607287,236225193,7.8,74,93,93,
2016,2017,Jackie,3,9000000,278715,13960394,29777777,6.7,81,87,60,
2016,2017,Kubo and the Two Strings,2,60000000,12608372,48023088,76249438,7.8,84,97,86,
2016,2017,La La Land,14,30000000,881104,151101803,448864344,8,94,91,81,
2016,2017,Lion,6,12000000,123360,51738905,140312928,8,69,84,91,
2016,2017,Loving,1,9000000,159615,7751969,12957265,7,79,88,76,
2016,2017,Manchester by the Sea,6,9000000,256498,47695371,78988148,7.8,96,96,78,
2016,2017,Moana,2,150000000,56631401,248757044,644962539,7.6,81,95,89,
2016,2017,Moonlight,8,4000000,402075,27854932,65336603,7.4,99,98,79,
2016,2017,Nocturnal Animals,1,22500000,492648,10663357,303118577,7.5,67,73,73,
2016,2017,Passengers,2,110000000,14869736,100014699,303144152,7,41,30,63,
2016,2017,Rogue One: A Star Wars Story,2,200000000,155081681,532177324,1056057720,7.8,65,84,86,
2016,2017,Silence,1,46000000,130880,7100177,23834809,7.2,79,83,69,
2016,2017,Sing,1,75000000,35258145,270448425,634208384,7.1,59,72,72,
2016,2017,Star Trek Beyond,1,185000000,59253211,158848340,343471816,7.1,68,86,80,
2016,2017,Suicide Squad,1,175000000,133682248,325100054,746846894,6,40,26,59,
2016,2017,Sully,1,60000000,35028301,125070033,240797623,7.4,74,85,84,
2016,2017,The Jungle Book,1,175000000,103261464,364001123,966554929,7.4,77,94,86,
2016,2017,Trolls,1,125000000,46581142,153707064,346864886,6.5,55,75,67,
2016,2017,Zootopia,1,150000000,75063401,341268248,1023792558,8,78,98,92,
2017,2018,All the Money in the World,1,50000000,5584684,25113707,56996304,6.8,72,79,65,
2017,2018,Baby Driver,3,34000000,20553320,107825862,2269455087,7.6,86,92,86,
2017,2018,Beauty and the Beast,2,160000000,174750616,504481165,1264434525,7.1,65,71,80,
2017,2018,Blade Runner 2049,5,150000000,32753122,92054159,259334548,8,81,88,81,
2017,2018,Coco,2,175000000,50802605,210460015,807817888,8.4,81,97,94,
2017,2018,Darkest Hour,6,30000000,175006,56468410,150847274,7.4,75,84,82,
2017,2018,Dunkirk,8,100000000,50513488,189740665,526949403,7.8,94,92,81,
2017,2018,Ferdinand,1,111000000,13401586,84410380,296069199,6.7,58,72,51,
2017,2018,Get Out,4,4500000,33377060,176040665,255589157,7.7,85,98,86,
2017,2018,Guardians of the Galaxy Vol. 2,1,200000000,146510104,389813101,863756051,7.6,67,85,87,
2017,2018,"I, Tonya",3,11000000,264155,30014539,53939297,7.5,77,90,88,
2017,2018,Kong: Skull Island,1,185000000,61025472,168052812,566652812,6.6,62,75,69,
2017,2018,Lady Bird,5,10000000,364437,48958273,78966486,7.4,94,99,79,
2017,2018,Logan,1,97000000,88411916,226277068,619179950,8.1,77,93,90,
2017,2018,Loving Vincent,1,5000000,23180,6735118,42187665,7.8,62,84,86,
2017,2018,Marshall,1,12000000,3000805,10051659,10116816,7.3,66,80,84,
2017,2018,Molly's Game,1,30000000,2349967,28780744,59284015,7.4,71,81,84,
2017,2018,Phantom Thread,6,35000000,216495,21198205,47756590,7.5,90,91,71,
2017,2018,"Roman J. Israel, Esq.",1,22000000,61999,11962778,13025860,6.5,58,55,53,
2017,2018,Star Wars: The Last Jedi,4,317000000,220009584,620181382,1332698830,7,84,90,42,
2017,2018,The Big Sick,1,5000000,421577,42873127,56411585,7.5,86,98,88,
2017,2018,The Boss Baby,1,125000000,50198902,175003033,527965936,6.3,50,53,51,
2017,2018,The Disaster Artist,1,10000000,1211345,21120616,29820616,7.4,76,91,85,
2017,2018,The Florida Project,1,2000000,157553,5904366,10971298,7.6,92,96,80,
2017,2018,The Greatest Showman,1,84000000,8805843,174340174,435440980,7.6,48,57,86,
2017,2018,The Insult,1,3000000,24957,1001305,3601603,7.7,72,86,89,
2017,2018,The Post,2,50000000,526011,81903458,179777947,7.2,83,88,73,
2017,2018,The Shape of Water,13,19400000,166564,63859435,195333312,7.3,87,92,72,
2017,2018,"Three Billboards outside Ebbing, Missouri",7,15000000,322168,54513740,160192267,8.1,88,90,87,
2017,2018,Victoria & Abdul,2,21000000,158845,22245070,66558465,6.8,58,66,68,
2017,2018,War for the Planet of the Apes,1,150000000,56262929,146880162,490719763,7.4,82,94,84,
2017,2018,Wonder,1,20000000,27547866,132422809,306209289,8,66,86,88,
2018,2019,A Quiet Place,1,17000000,50203562,188024361,340952971,7.5,82,96,83,
2018,2019,A Star Is Born,8,36000000,42908051,215288866,436188866,7.6,88,90,79,
2018,2019,Avengers: Infinity War,1,321000000,257698183,678815482,2048359754,8.4,68,85,91,
2018,2019,Black Panther,7,200000000,202003951,700426566,1347597973,7.3,88,96,79,
2018,2019,BlacKkKlansman,6,15000000,10845330,49275340,93400823,7.5,83,96,83,
2018,2019,Bohemian Rhapsody,5,52000000,51061119,216668042,905118072,8,49,60,85,
2018,2019,Can You Ever Forgive Me?,3,10000000,161510,8803865,12442161,7.1,87,98,81,
2018,2019,Capernaum,1,4000000,24988,1661096,64417003,8.4,75,90,93,
2018,2019,Christopher Robin,1,75000000,24585139,99215042,197744377,7.3,60,72,83,
2018,2019,First Man,4,59000000,16006065,44936545,105702570,7.3,84,87,67,
2018,2019,Green Book,5,23000000,320429,85080171,321752656,8.2,69,78,91,
2018,2019,If Beale Street Could Talk,3,12000000,224476,14915773,20596567,7.1,87,95,71,
2018,2019,Incredibles 2,1,200000000,182687905,608581744,1243089244,7.6,80,93,84,
2018,2019,Mary Poppins Returns,4,130000000,23523121,171958438,349546142,6.7,66,80,65,
2018,2019,Mary Queen of Scots,2,25000000,194777,16468499,46712809,6.3,60,62,41,
2018,2019,Ralph Breaks the Internet,1,175000000,56237634,201091711,529323962,7,7.1,88,65,
2018,2019,Ready Player One,1,175000000,41764050,137690172,582893671,7.4,64,72,77,
2018,2019,Solo: A Star Wars Story,1,275000000,84420489,213767512,392924807,6.9,62,69,64,
2018,2019,Spider-Man: Into the Spider-Verse,1,90000000,35363376,190241310,375540831,8.4,87,97,93,
2018,2019,The Favourite,10,15000000,422410,34366783,95918706,7.5,91,93,69,
2018,2019,Vice,8,60000000,7768371,47836282,76073488,7.2,61,65,60,
2019,2020,1917,10,95000000,576216,159227644,384965466,8.3,78,89,88,
2019,2020,A Beautiful Day in the Neighborhood,1,25000000,13251238,61704055,67760877,7.3,80,95,92,
2019,2020,Ad Astra,1,90000000,19001398,50188370,127461872,6.5,80,83,40,
2019,2020,Avengers: Endgame,1,365000000,357115007,858373000,2797501328,8.4,78,94,90,
2019,2020,Bombshell,3,32000000,319157,31762808,61404394,6.8,64,68,84,
2019,2020,Breakthrough,1,14000000,11282333,40713082,50444358,6.3,46,63,79,
2019,2020,Ford v Ferrari,4,97600000,31474958,117624357,225508210,8.1,81,92,98,
2019,2020,Frozen II,1,150000000,130263358,477373578,1450026933,6.9,64,78,92,
2019,2020,Harriet,2,17000000,11676720,43082155,43347017,6.6,66,73,97,
2019,2020,How to Train Your Dragon: The Hidden World,1,129000000,55022245,160799505,525753570,7.5,71,90,86,
2019,2020,Jojo Rabbit,6,14000000,349555,33370906,90335025,7.9,58,80,94,
2019,2020,Joker,11,55000000,96202337,335451311,1074251311,8.4,59,68,88,
2019,2020,Knives Out,1,40000000,26769548,165363234,311401379,7.9,82,97,92,
2019,2020,Little Women,6,40000000,16755310,108101214,216601214,7.8,91,95,92,
2019,2020,Maleficent: Mistress of Evil,1,185000000,36948713,113929605,491730089,6.6,43,39,95,
2019,2020,Missing Link,1,100000000,5944950,16649539,26565710,6.7,68,88,67,
2019,2020,Once upon a Time...in Hollywood,10,90000000,41082018,142502728,374375059,7.6,83,85,70,
2019,2020,Parasite,6,11400000,393216,53369749,258822018,8.6,96,98,90,
2019,2020,Richard Jewell,1,45000000,4705265,22345542,43745542,7.5,68,77,96,
2019,2020,Rocketman,1,40000000,25725722,96368160,195179299,7.3,69,89,88,
2019,2020,Star Wars: The Rise of Skywalker,3,275000000,177383864,515202542,1074144248,6.6,53,51,86,
2019,2020,The Lion King,1,260000000,191770759,543638043,1657870986,6.9,55,52,88,
2019,2020,Toy Story 4,2,200000000,120908065,434038008,1073394593,7.7,84,97,94,
2020,2021,Emma,2,10000000,234482,10055355,26367107,6.7,71,87,72,
2020,2021,Tenet,2,205000000,9353090,58456624,363656624,7.4,69,70,76,
